Gene,SNP,Derived,Ancestral
HERC2,rs916977,C,T
HERC2,rs1470608,G,T
HERC2,rs1597196,G,T
HERC2,rs2871875,G,A
HERC2,rs7170852,A,T
HERC2,rs11636232,T,C
HERC2,rs12913832,G,A
HERC2,rs1129038,T,C
HERC2,rs1667394,T,C
OCA2,rs1800407,T,C
OCA2,rs4778138,A,G
OCA2,rs4778199,A,G
OCA2,rs977588,A,C
OCA2,rs2703960,T,C
OCA2,rs977589,T,C
OCA2,rs2871772,T,C
OCA2,rs3930739,T,C
OCA2,rs11852452,T,C
OCA2,rs8034072,C,T
OCA2,rs7178315,C,T
OCA2,rs7495174,A,G
SLC24A5,rs1426654,A,G
ASIP,rs1015362,C,T
ASIP,rs4911414,T,G
ASIP,rs6142129,G,A
SLC45A2,rs28777,A,C
SLC45A2,rs16891982,G,C
SLC45A2,rs28117,A,G
SLC45A2,rs4049255,T,C
SLC45A2,rs35401,T,G
SLC24A4,rs4900109,T,G
SLC24A4,rs12896399,T,G
SLC24A4,rs8006358,G,A
SLC24A4,rs4904868,C,T
SLC24A4,rs4904847,G,A
SLC24A4,rs2402130,G,A
IRF4,rs12203592,T,C
IRF4,rs6906608,A,C
IRF4,rs2671422,G,A
IRF4,rs7748534,T,G
IRF4,rs3778607,G,A
IRF4,rs4959270,A,C
IRF4,rs7773324,A,G
KITLG,rs642742,C,T
KITLG,rs114873,G,A
KITLG,rs12821256,C,T
TYRP1,rs1408799,C,T
TYRP1,rs683,A,C
TYRP1,rs16929340,T,C
TYRP1,rs1408794,G,A
TYR,rs1126809,A,G
TYR,rs1393350,A,G
TYR,rs10741305,T,C
TYR,rs10765198,C,T
FBXL17,rs34424,T,C
FBXL17,rs288139,A,G
FANCA,rs12931267,G,C
TPCN2,rs35264875,T,A
MC1R,rs1805006,A,C
MC1R,rs1805007,T,C
MC1R,rs1805008,T,C
MC1R,rs1805009,C,G
MC1R,rs11547464,A,G
MC1R,rs1805005,T,G
